Front,Rear
/scratch/udit/robotcar/overcast/ipm/front/85.png,/scratch/udit/robotcar/overcast/ipm/rear/85.png
/scratch/udit/robotcar/overcast/ipm/front/71.png,/scratch/udit/robotcar/overcast/ipm/rear/71.png
/scratch/udit/robotcar/overcast/ipm/front/92.png,/scratch/udit/robotcar/overcast/ipm/rear/92.png
/scratch/udit/robotcar/overcast/ipm/front/30.png,/scratch/udit/robotcar/overcast/ipm/rear/30.png
/scratch/udit/robotcar/overcast/ipm/front/84.png,/scratch/udit/robotcar/overcast/ipm/rear/84.png
/scratch/udit/robotcar/overcast/ipm/front/16.png,/scratch/udit/robotcar/overcast/ipm/rear/16.png
/scratch/udit/robotcar/overcast/ipm/front/18.png,/scratch/udit/robotcar/overcast/ipm/rear/18.png
/scratch/udit/robotcar/overcast/ipm/front/61.png,/scratch/udit/robotcar/overcast/ipm/rear/61.png
/scratch/udit/robotcar/overcast/ipm/front/37.png,/scratch/udit/robotcar/overcast/ipm/rear/37.png
/scratch/udit/robotcar/overcast/ipm/front/89.png,/scratch/udit/robotcar/overcast/ipm/rear/89.png
/scratch/udit/robotcar/overcast/ipm/front/28.png,/scratch/udit/robotcar/overcast/ipm/rear/28.png
/scratch/udit/robotcar/overcast/ipm/front/82.png,/scratch/udit/robotcar/overcast/ipm/rear/82.png
/scratch/udit/robotcar/overcast/ipm/front/73.png,/scratch/udit/robotcar/overcast/ipm/rear/73.png
/scratch/udit/robotcar/overcast/ipm/front/48.png,/scratch/udit/robotcar/overcast/ipm/rear/48.png
/scratch/udit/robotcar/overcast/ipm/front/6.png,/scratch/udit/robotcar/overcast/ipm/rear/6.png
/scratch/udit/robotcar/overcast/ipm/front/42.png,/scratch/udit/robotcar/overcast/ipm/rear/42.png
/scratch/udit/robotcar/overcast/ipm/front/10.png,/scratch/udit/robotcar/overcast/ipm/rear/10.png
/scratch/udit/robotcar/overcast/ipm/front/81.png,/scratch/udit/robotcar/overcast/ipm/rear/81.png
/scratch/udit/robotcar/overcast/ipm/front/31.png,/scratch/udit/robotcar/overcast/ipm/rear/31.png
/scratch/udit/robotcar/overcast/ipm/front/36.png,/scratch/udit/robotcar/overcast/ipm/rear/36.png
/scratch/udit/robotcar/overcast/ipm/front/74.png,/scratch/udit/robotcar/overcast/ipm/rear/74.png
/scratch/udit/robotcar/overcast/ipm/front/39.png,/scratch/udit/robotcar/overcast/ipm/rear/39.png
/scratch/udit/robotcar/overcast/ipm/front/70.png,/scratch/udit/robotcar/overcast/ipm/rear/70.png
/scratch/udit/robotcar/overcast/ipm/front/23.png,/scratch/udit/robotcar/overcast/ipm/rear/23.png
/scratch/udit/robotcar/overcast/ipm/front/21.png,/scratch/udit/robotcar/overcast/ipm/rear/21.png
/scratch/udit/robotcar/overcast/ipm/front/56.png,/scratch/udit/robotcar/overcast/ipm/rear/56.png
/scratch/udit/robotcar/overcast/ipm/front/0.png,/scratch/udit/robotcar/overcast/ipm/rear/0.png
/scratch/udit/robotcar/overcast/ipm/front/78.png,/scratch/udit/robotcar/overcast/ipm/rear/78.png
/scratch/udit/robotcar/overcast/ipm/front/96.png,/scratch/udit/robotcar/overcast/ipm/rear/96.png
/scratch/udit/robotcar/overcast/ipm/front/8.png,/scratch/udit/robotcar/overcast/ipm/rear/8.png
/scratch/udit/robotcar/overcast/ipm/front/33.png,/scratch/udit/robotcar/overcast/ipm/rear/33.png
/scratch/udit/robotcar/overcast/ipm/front/91.png,/scratch/udit/robotcar/overcast/ipm/rear/91.png
/scratch/udit/robotcar/overcast/ipm/front/4.png,/scratch/udit/robotcar/overcast/ipm/rear/4.png
/scratch/udit/robotcar/overcast/ipm/front/98.png,/scratch/udit/robotcar/overcast/ipm/rear/98.png
/scratch/udit/robotcar/overcast/ipm/front/47.png,/scratch/udit/robotcar/overcast/ipm/rear/47.png
/scratch/udit/robotcar/overcast/ipm/front/38.png,/scratch/udit/robotcar/overcast/ipm/rear/38.png
/scratch/udit/robotcar/overcast/ipm/front/22.png,/scratch/udit/robotcar/overcast/ipm/rear/22.png
/scratch/udit/robotcar/overcast/ipm/front/1.png,/scratch/udit/robotcar/overcast/ipm/rear/1.png
/scratch/udit/robotcar/overcast/ipm/front/25.png,/scratch/udit/robotcar/overcast/ipm/rear/25.png
/scratch/udit/robotcar/overcast/ipm/front/52.png,/scratch/udit/robotcar/overcast/ipm/rear/52.png
/scratch/udit/robotcar/overcast/ipm/front/12.png,/scratch/udit/robotcar/overcast/ipm/rear/12.png
/scratch/udit/robotcar/overcast/ipm/front/15.png,/scratch/udit/robotcar/overcast/ipm/rear/15.png
/scratch/udit/robotcar/overcast/ipm/front/86.png,/scratch/udit/robotcar/overcast/ipm/rear/86.png
/scratch/udit/robotcar/overcast/ipm/front/54.png,/scratch/udit/robotcar/overcast/ipm/rear/54.png
/scratch/udit/robotcar/overcast/ipm/front/46.png,/scratch/udit/robotcar/overcast/ipm/rear/46.png
/scratch/udit/robotcar/overcast/ipm/front/3.png,/scratch/udit/robotcar/overcast/ipm/rear/3.png
/scratch/udit/robotcar/overcast/ipm/front/5.png,/scratch/udit/robotcar/overcast/ipm/rear/5.png
/scratch/udit/robotcar/overcast/ipm/front/53.png,/scratch/udit/robotcar/overcast/ipm/rear/53.png
/scratch/udit/robotcar/overcast/ipm/front/24.png,/scratch/udit/robotcar/overcast/ipm/rear/24.png
/scratch/udit/robotcar/overcast/ipm/front/27.png,/scratch/udit/robotcar/overcast/ipm/rear/27.png
/scratch/udit/robotcar/overcast/ipm/front/69.png,/scratch/udit/robotcar/overcast/ipm/rear/69.png
/scratch/udit/robotcar/overcast/ipm/front/35.png,/scratch/udit/robotcar/overcast/ipm/rear/35.png
/scratch/udit/robotcar/overcast/ipm/front/7.png,/scratch/udit/robotcar/overcast/ipm/rear/7.png
/scratch/udit/robotcar/overcast/ipm/front/11.png,/scratch/udit/robotcar/overcast/ipm/rear/11.png
/scratch/udit/robotcar/overcast/ipm/front/63.png,/scratch/udit/robotcar/overcast/ipm/rear/63.png
/scratch/udit/robotcar/overcast/ipm/front/44.png,/scratch/udit/robotcar/overcast/ipm/rear/44.png
/scratch/udit/robotcar/overcast/ipm/front/19.png,/scratch/udit/robotcar/overcast/ipm/rear/19.png
/scratch/udit/robotcar/overcast/ipm/front/43.png,/scratch/udit/robotcar/overcast/ipm/rear/43.png
/scratch/udit/robotcar/overcast/ipm/front/68.png,/scratch/udit/robotcar/overcast/ipm/rear/68.png
/scratch/udit/robotcar/overcast/ipm/front/94.png,/scratch/udit/robotcar/overcast/ipm/rear/94.png
/scratch/udit/robotcar/overcast/ipm/front/62.png,/scratch/udit/robotcar/overcast/ipm/rear/62.png
/scratch/udit/robotcar/overcast/ipm/front/65.png,/scratch/udit/robotcar/overcast/ipm/rear/65.png
/scratch/udit/robotcar/overcast/ipm/front/58.png,/scratch/udit/robotcar/overcast/ipm/rear/58.png
/scratch/udit/robotcar/overcast/ipm/front/59.png,/scratch/udit/robotcar/overcast/ipm/rear/59.png
/scratch/udit/robotcar/overcast/ipm/front/40.png,/scratch/udit/robotcar/overcast/ipm/rear/40.png
/scratch/udit/robotcar/overcast/ipm/front/55.png,/scratch/udit/robotcar/overcast/ipm/rear/55.png
/scratch/udit/robotcar/overcast/ipm/front/64.png,/scratch/udit/robotcar/overcast/ipm/rear/64.png
/scratch/udit/robotcar/overcast/ipm/front/51.png,/scratch/udit/robotcar/overcast/ipm/rear/51.png
/scratch/udit/robotcar/overcast/ipm/front/97.png,/scratch/udit/robotcar/overcast/ipm/rear/97.png
/scratch/udit/robotcar/overcast/ipm/front/14.png,/scratch/udit/robotcar/overcast/ipm/rear/14.png
/scratch/udit/robotcar/overcast/ipm/front/57.png,/scratch/udit/robotcar/overcast/ipm/rear/57.png
/scratch/udit/robotcar/overcast/ipm/front/32.png,/scratch/udit/robotcar/overcast/ipm/rear/32.png
/scratch/udit/robotcar/overcast/ipm/front/34.png,/scratch/udit/robotcar/overcast/ipm/rear/34.png
/scratch/udit/robotcar/overcast/ipm/front/45.png,/scratch/udit/robotcar/overcast/ipm/rear/45.png
/scratch/udit/robotcar/overcast/ipm/front/9.png,/scratch/udit/robotcar/overcast/ipm/rear/9.png
/scratch/udit/robotcar/overcast/ipm/front/79.png,/scratch/udit/robotcar/overcast/ipm/rear/79.png
/scratch/udit/robotcar/overcast/ipm/front/87.png,/scratch/udit/robotcar/overcast/ipm/rear/87.png
/scratch/udit/robotcar/overcast/ipm/front/90.png,/scratch/udit/robotcar/overcast/ipm/rear/90.png
/scratch/udit/robotcar/overcast/ipm/front/17.png,/scratch/udit/robotcar/overcast/ipm/rear/17.png
/scratch/udit/robotcar/overcast/ipm/front/75.png,/scratch/udit/robotcar/overcast/ipm/rear/75.png
/scratch/udit/robotcar/overcast/ipm/front/50.png,/scratch/udit/robotcar/overcast/ipm/rear/50.png
/scratch/udit/robotcar/overcast/ipm/front/95.png,/scratch/udit/robotcar/overcast/ipm/rear/95.png
/scratch/udit/robotcar/overcast/ipm/front/80.png,/scratch/udit/robotcar/overcast/ipm/rear/80.png
/scratch/udit/robotcar/overcast/ipm/front/83.png,/scratch/udit/robotcar/overcast/ipm/rear/83.png
/scratch/udit/robotcar/overcast/ipm/front/99.png,/scratch/udit/robotcar/overcast/ipm/rear/99.png
/scratch/udit/robotcar/overcast/ipm/front/2.png,/scratch/udit/robotcar/overcast/ipm/rear/2.png
/scratch/udit/robotcar/overcast/ipm/front/93.png,/scratch/udit/robotcar/overcast/ipm/rear/93.png
/scratch/udit/robotcar/overcast/ipm/front/60.png,/scratch/udit/robotcar/overcast/ipm/rear/60.png
/scratch/udit/robotcar/overcast/ipm/front/41.png,/scratch/udit/robotcar/overcast/ipm/rear/41.png
/scratch/udit/robotcar/overcast/ipm/front/76.png,/scratch/udit/robotcar/overcast/ipm/rear/76.png
/scratch/udit/robotcar/overcast/ipm/front/26.png,/scratch/udit/robotcar/overcast/ipm/rear/26.png
/scratch/udit/robotcar/overcast/ipm/front/67.png,/scratch/udit/robotcar/overcast/ipm/rear/67.png
/scratch/udit/robotcar/overcast/ipm/front/49.png,/scratch/udit/robotcar/overcast/ipm/rear/49.png
/scratch/udit/robotcar/overcast/ipm/front/29.png,/scratch/udit/robotcar/overcast/ipm/rear/29.png
/scratch/udit/robotcar/overcast/ipm/front/66.png,/scratch/udit/robotcar/overcast/ipm/rear/66.png
/scratch/udit/robotcar/overcast/ipm/front/20.png,/scratch/udit/robotcar/overcast/ipm/rear/20.png
/scratch/udit/robotcar/overcast/ipm/front/72.png,/scratch/udit/robotcar/overcast/ipm/rear/72.png
/scratch/udit/robotcar/overcast/ipm/front/77.png,/scratch/udit/robotcar/overcast/ipm/rear/77.png
/scratch/udit/robotcar/overcast/ipm/front/88.png,/scratch/udit/robotcar/overcast/ipm/rear/88.png
/scratch/udit/robotcar/overcast/ipm/front/13.png,/scratch/udit/robotcar/overcast/ipm/rear/13.png
